"month","country","generation"
"01","AFG",12947.1
"01","AGO",11015.5
"01","ALB",7331.8
"01","ARE",64154.5
"01","ARG",44707.7
"01","ARM",11457.8
"01","ATA",21385.9
"01","AUS",101193.5
"01","AUS.NT",6950.2
"01","AUS.QL",7860.7
"01","AUS.SA",8623.9
"01","AUS.SW",8364.5
"01","AUS.TA",8314.6
"01","AUS.VI",8562.9
"01","AUS.WA",9099.9
"01","AUT",4311.4
"01","AZE",8743.7
"01","BDI",10661.6
"01","BEL",2794.1
"01","BEN",11499
"01","BFA",15402.9
"01","BGD",12583.2
"01","BGR",7703.7
"01","BHR",12050.4
"01","BIH",5950.9
"01","BLR",1362.7
"01","BLZ",11561.5
"01","BOL",6989.9
"01","BRA",46586.3
"01","BRA.CN",9764
"01","BRA.CW",10614.2
"01","BRA.NE",12117.6
"01","BRA.NW",9633.9
"01","BRA.SE",11483.9
"01","BRA.SO",11515.9
"01","BRA.WE",9009.7
"01","BRN",7706.7
"01","BTN",13581.6
"01","BWA",13685.4
"01","CAF",12879.3
"01","CAN",948148.3
"01","CAN.AB",5841.1
"01","CAN.AR",6218.3
"01","CAN.BC",5680.8
"01","CAN.MB",7500.8
"01","CAN.NL",4284.3
"01","CAN.NO",2156.3
"01","CAN.ON",6901.2
"01","CAN.QC",6070.9
"01","CAN.SK",6952
"01","CHE",3231.7
"01","CHL",355210.6
"01","CHN",1029766.4
"01","CHN.AN",6193.7
"01","CHN.BE",7000.7
"01","CHN.CH",4818.3
"01","CHN.EM",6731.8
"01","CHN.FU",7212.8
"01","CHN.GA",8634.2
"01","CHN.GD",7808.9
"01","CHN.GU",5727.1
"01","CHN.GX",6321
"01","CHN.HA",8128.5
"01","CHN.HB",8039.4
"01","CHN.HE",5826.3
"01","CHN.HJ",5857.6
"01","CHN.HK",7870.1
"01","CHN.HN",5337
"01","CHN.HU",5598.6
"01","CHN.JI",6525.3
"01","CHN.JS",5529.3
"01","CHN.JX",6356.3
"01","CHN.LI",6865.2
"01","CHN.MA",7947.9
"01","CHN.NI",8442.1
"01","CHN.QI",10264.5
"01","CHN.SC",6945.6
"01","CHN.SD",6318.3
"01","CHN.SH",5829.9
"01","CHN.SI",7741.7
"01","CHN.SX",7100
"01","CHN.TI",10830.7
"01","CHN.TJ",6409.8
"01","CHN.WM",8550.1
"01","CHN.XI",7473.4
"01","CHN.YU",8769.9
"01","CHN.ZH",6535.7
"01","CIV",7051.7
"01","CMR",14149.8
"01","COD",10798.1
"01","COG",10222.4
"01","COL",10749.4
"01","CPV",7220.3
"01","CRI",14936.5
"01","CUB",11676.7
"01","CYP",10270.2
"01","CZE",1598835.5
"01","DEU",1224962
"01","DJI",13016.1
"01","DNK",4259.7
"01","DOM",26567.2
"01","DZA",12559.1
"01","ECU",11654.4
"01","EGY",12986
"01","ERI",13080.5
"01","ESH",11713.9
"01","ESP",394365.8
"01","EST",1320
"01","ETH",16575.7
"01","FIN",623.1
"01","FJI",11144.9
"01","FRA",3954633.2
"01","GAB",9970.2
"01","GBR",2812124
"01","GEO",8359.1
"01","GHA",11073.2
"01","GIN",14938
"01","GMB",10156.2
"01","GNB",10590
"01","GNQ",10245.5
"01","GRC",222798.1
"01","GTM",49611.6
"01","GUF",11090.8
"01","GUY",13351
"01","HND",71135.1
"01","HRV",5562.4
"01","HTI",12213.3
"01","HUN",3577.8
"01","IDN",14003.5
"01","IND",1159483
"01","IND.EA",9121.7
"01","IND.NE",8720.6
"01","IND.NO",9267.4
"01","IND.SO",10156.3
"01","IND.WE",9678.3
"01","IRL",1840.3
"01","IRN",25006.8
"01","IRQ",11212.9
"01","ISL",215
"01","ISR",189194.4
"01","ITA",591933.9
"01","JAM",9075.7
"01","JOR",12351.7
"01","JPN",1047166.6
"01","JPN.CE",8178.8
"01","JPN.HO",4545.9
"01","JPN.KY",9033.9
"01","JPN.OK",9496.2
"01","JPN.SH",8744.9
"01","JPN.TO",7862.6
"01","KAZ",9871.9
"01","KEN",14220.4
"01","KGZ",10350
"01","KHM",14203.8
"01","KOR",109279.7
"01","KOS",6854.8
"01","KWT",11592.5
"01","LAO",11973.1
"01","LBN",7960.2
"01","LBR",10724.5
"01","LBY",13260.2
"01","LKA",23375.7
"01","LSO",14165.5
"01","LTU",2121.3
"01","LUX",2478.1
"01","LVA",1168.6
"01","MAR",66478.6
"01","MDA",4379.4
"01","MDG",12995.8
"01","MEX",39878.9
"01","MKD",7883
"01","MLI",13669
"01","MLT",7772.7
"01","MMR",13885.3
"01","MNE",6553.4
"01","MNG",10814.5
"01","MOZ",11070.4
"01","MRT",34830
"01","MUS",20376.6
"01","MWI",13256.7
"01","MYS",109719.1
"01","NAM",61006.6
"01","NER",14400.2
"01","NGA",14479
"01","NIC",13439.2
"01","NLD",2204.9
"01","NOR",1574.1
"01","NPL",12452.3
"01","NZL",12123.6
"01","OMN",13333.5
"01","PAK",36500.7
"01","PAN",5017
"01","PER",81627.1
"01","PHL",206870.8
"01","PNG",8681.3
"01","POL",17395.8
"01","PRK",9498.9
"01","PRT",1027748.7
"01","PRY",10978.5
"01","QAT",12279.8
"01","ROU",5981.4
"01","RUS",0
"01","RUS.CE",3165.7
"01","RUS.FE",1986.6
"01","RUS.MV",4017.3
"01","RUS.NW",670.2
"01","RUS.SI",2550.3
"01","RUS.SO",7199.6
"01","RUS.UR",2526.4
"01","RWA",28437.6
"01","SAU",43657.2
"01","SDN",11076.4
"01","SEN",14789.1
"01","SGP",9348.8
"01","SLE",11037.2
"01","SLV",11736.1
"01","SOM",13955
"01","SRB",6265.8
"01","SUR",11983.5
"01","SVK",3874.2
"01","SVN",5196.3
"01","SWE",1394.2
"01","SWZ",13641.9
"01","SYR",9909.7
"01","TCD",13657.1
"01","TGO",11217.2
"01","THA",1813307.8
"01","TJK",8725
"01","TKM",8556.5
"01","TLS",8465.9
"01","TTO",5832.5
"01","TUN",10565.5
"01","TUR",19168.9
"01","TWN",7529.8
"01","TZA",13270.5
"01","UGA",14692.1
"01","UKR",3785.1
"01","URY",97993.1
"01","USA",24449274.6
"01","USA.AK",1484.6
"01","USA.AZ",12218.5
"01","USA.CA",10628.2
"01","USA.ER",10270.9
"01","USA.FR",12044.6
"01","USA.GU",8366.4
"01","USA.HA",13848.1
"01","USA.ME",9333.1
"01","USA.MW",9789.4
"01","USA.NE",8489.1
"01","USA.NW",10386.8
"01","USA.NY",7569.1
"01","USA.PR",10034.8
"01","USA.RA",12440.2
"01","USA.RE",8915
"01","USA.RM",8692.7
"01","USA.RW",9534.1
"01","USA.SA",11302.7
"01","USA.SC",11061.2
"01","USA.SE",11467
"01","USA.SN",11900.1
"01","USA.SS",12404.8
"01","USA.SV",10817.5
"01","USA.SW",11128.4
"01","UZB",7967.4
"01","VEN",11643.9
"01","VNM",9042.7
"01","YEM",17578
"01","ZAF",656235.3
"01","ZMB",9985.5
"01","ZWE",12914.7
"02","AFG",11748.6
"02","AGO",10100.7
"02","ALB",7788.5
"02","ARE",62773.5
"02","ARG",40914
"02","ARM",10578.9
"02","ATA",18573
"02","AUS",92114
"02","AUS.NT",7146.3
"02","AUS.QL",7618.3
"02","AUS.SA",7951.9
"02","AUS.SW",7510.9
"02","AUS.TA",7257.6
"02","AUS.VI",7499.8
"02","AUS.WA",7697.9
"02","AUT",6857.7
"02","AZE",8786.8
"02","BDI",9434.5
"02","BEL",7491.3
"02","BEN",9534.1
"02","BFA",14405.8
"02","BGD",11727.2
"02","BGR",8655.1
"02","BHR",11171.6
"02","BIH",7015
"02","BLR",3045.7
"02","BLZ",11499.4
"02","BOL",6512.2
"02","BRA",39384.6
"02","BRA.CN",8573.7
"02","BRA.CW",9170.2
"02","BRA.NE",9978.2
"02","BRA.NW",8040.8
"02","BRA.SE",9430.8
"02","BRA.SO",10558.8
"02","BRA.WE",7879.4
"02","BRN",9983.4
"02","BTN",11916.1
"02","BWA",12754
"02","CAF",10432.1
"02","CAN",1137293.7
"02","CAN.AB",7092.8
"02","CAN.AR",7608.4
"02","CAN.BC",7389.3
"02","CAN.MB",8862.4
"02","CAN.NL",6068.7
"02","CAN.NO",4943.3
"02","CAN.ON",8272.1
"02","CAN.QC",8322.1
"02","CAN.SK",7836.3
"02","CHE",5226.2
"02","CHL",319647.7
"02","CHN",1039186.6
"02","CHN.AN",5861.7
"02","CHN.BE",7744.6
"02","CHN.CH",5279
"02","CHN.EM",7318
"02","CHN.FU",6395.4
"02","CHN.GA",8922.7
"02","CHN.GD",6950
"02","CHN.GU",6308.4
"02","CHN.GX",6186.1
"02","CHN.HA",7087.4
"02","CHN.HB",8591.8
"02","CHN.HE",6021.2
"02","CHN.HJ",6174.9
"02","CHN.HK",7273.8
"02","CHN.HN",5363.5
"02","CHN.HU",5577.5
"02","CHN.JI",7137.4
"02","CHN.JS",5615
"02","CHN.JX",5885.5
"02","CHN.LI",7619.9
"02","CHN.MA",7333.4
"02","CHN.NI",8627.1
"02","CHN.QI",9519.6
"02","CHN.SC",7271
"02","CHN.SD",6581.5
"02","CHN.SH",5703.6
"02","CHN.SI",8277.4
"02","CHN.SX",7734.3
"02","CHN.TI",10193.2
"02","CHN.TJ",7167.1
"02","CHN.WM",8877.6
"02","CHN.XI",8230.7
"02","CHN.YU",8936.9
"02","CHN.ZH",5848.6
"02","CIV",5727.6
"02","CMR",10771.2
"02","COD",8391.7
"02","COG",8171.8
"02","COL",9545
"02","CPV",8100.3
"02","CRI",13926.8
"02","CUB",11956.9
"02","CYP",10393.7
"02","CZE",3193635.4
"02","DEU",2746377.6
"02","DJI",12793.7
"02","DNK",7928.8
"02","DOM",25740.8
"02","DZA",12123
"02","ECU",9459.7
"02","EGY",12446.8
"02","ERI",12882.9
"02","ESH",12013
"02","ESP",384224.8
"02","EST",5180.8
"02","ETH",15374.9
"02","FIN",3361.4
"02","FJI",8272.3
"02","FRA",4743215.5
"02","GAB",7668.4
"02","GBR",4303659.2
"02","GEO",9044.6
"02","GHA",9213.5
"02","GIN",13779.5
"02","GMB",11315.8
"02","GNB",11360.9
"02","GNQ",7490.5
"02","GRC",244438.7
"02","GTM",47578.2
"02","GUF",10227.6
"02","GUY",12523.9
"02","HND",66932
"02","HRV",5944.7
"02","HTI",12028.7
"02","HUN",4254.1
"02","IDN",12980.9
"02","IND",1113288.5
"02","IND.EA",8740.5
"02","IND.NE",8371.6
"02","IND.NO",8772.6
"02","IND.SO",9485
"02","IND.WE",9525.3
"02","IRL",3377.7
"02","IRN",21691.2
"02","IRQ",11662.6
"02","ISL",1643.1
"02","ISR",197544.4
"02","ITA",576269
"02","JAM",10229.4
"02","JOR",12879.8
"02","JPN",1146129.8
"02","JPN.CE",8794.3
"02","JPN.HO",7096.2
"02","JPN.KY",9496.5
"02","JPN.OK",9912.5
"02","JPN.SH",9479.9
"02","JPN.TO",8401.1
"02","KAZ",11529.7
"02","KEN",13186.4
"02","KGZ",9913.6
"02","KHM",13680.8
"02","KOR",114680.1
"02","KOS",7973.6
"02","KWT",10827.6
"02","LAO",10659.2
"02","LBN",8054.5
"02","LBR",8813.4
"02","LBY",11878.8
"02","LKA",19197.8
"02","LSO",13613.1
"02","LTU",6538.7
"02","LUX",7709
"02","LVA",3984.8
"02","MAR",67712.7
"02","MDA",6711.8
"02","MDG",10974.9
"02","MEX",45260
"02","MKD",8693
"02","MLI",14312.9
"02","MLT",7429.5
"02","MMR",13420.5
"02","MNE",8025.1
"02","MNG",12124.9
"02","MOZ",9494.3
"02","MRT",39501.3
"02","MUS",21422.2
"02","MWI",11849.9
"02","MYS",122522.7
"02","NAM",59675
"02","NER",13613.4
"02","NGA",11850.8
"02","NIC",13078.9
"02","NLD",5533
"02","NOR",6445.1
"02","NPL",11351.8
"02","NZL",10204.7
"02","OMN",12729.6
"02","PAK",31922.1
"02","PAN",4794.6
"02","PER",73553.5
"02","PHL",209421.5
"02","PNG",8326.4
"02","POL",39658.1
"02","PRK",10200.7
"02","PRT",1066533.5
"02","PRY",10451.2
"02","QAT",11429.4
"02","ROU",7580.5
"02","RUS",0
"02","RUS.CE",6105.7
"02","RUS.FE",4466.4
"02","RUS.MV",7331.1
"02","RUS.NW",2326
"02","RUS.SI",5170.1
"02","RUS.SO",9652.3
"02","RUS.UR",4949
"02","RWA",23769.6
"02","SAU",40494.1
"02","SDN",10208.4
"02","SEN",16262.4
"02","SGP",11002.2
"02","SLE",9848.8
"02","SLV",10950.6
"02","SOM",13180.7
"02","SRB",8144.4
"02","SUR",11152.2
"02","SVK",5886.6
"02","SVN",6884.4
"02","SWE",5342.9
"02","SWZ",12469.1
"02","SYR",9805
"02","TCD",12131.3
"02","TGO",9080.6
"02","THA",1740324.6
"02","TJK",8937.6
"02","TKM",8004.6
"02","TLS",8658
"02","TTO",5684.1
"02","TUN",10079.6
"02","TUR",18212.6
"02","TWN",7668.6
"02","TZA",12496.3
"02","UGA",12251.3
"02","UKR",6951.2
"02","URY",90849.3
"02","USA",27282023.8
"02","USA.AK",4365.8
"02","USA.AZ",13844.6
"02","USA.CA",12373.8
"02","USA.ER",10970.5
"02","USA.FR",12754.8
"02","USA.GU",8827.3
"02","USA.HA",12925.6
"02","USA.ME",10759.3
"02","USA.MW",10954.6
"02","USA.NE",9552.9
"02","USA.NW",11789.7
"02","USA.NY",8225.8
"02","USA.PR",9680.9
"02","USA.RA",12768.2
"02","USA.RE",10293.8
"02","USA.RM",9399.2
"02","USA.RW",10097.3
"02","USA.SA",11175.2
"02","USA.SC",11755
"02","USA.SE",12290.2
"02","USA.SN",11436.6
"02","USA.SS",13469.7
"02","USA.SV",11808.6
"02","USA.SW",11640.3
"02","UZB",8087
"02","VEN",10358.2
"02","VNM",9270.5
"02","YEM",16597.4
"02","ZAF",625100.8
"02","ZMB",9604.3
"02","ZWE",11560
"03","AFG",14165.5
"03","AGO",11420.2
"03","ALB",9523.8
"03","ARE",62656.6
"03","ARG",40279.7
"03","ARM",12163.3
"03","ATA",17037.8
"03","AUS",98473.3
"03","AUS.NT",7893.2
"03","AUS.QL",7881.9
"03","AUS.SA",8303.9
"03","AUS.SW",8147.2
"03","AUS.TA",6612.4
"03","AUS.VI",7890.6
"03","AUS.WA",8312.9
"03","AUT",7253.1
"03","AZE",10405.3
"03","BDI",11352.5
"03","BEL",8091
"03","BEN",9822.9
"03","BFA",15004.2
"03","BGD",14635.9
"03","BGR",10350.2
"03","BHR",12212.2
"03","BIH",10151.4
"03","BLR",4913.5
"03","BLZ",13364.8
"03","BOL",7403.6
"03","BRA",42619.5
"03","BRA.CN",9341.5
"03","BRA.CW",10280.8
"03","BRA.NE",11088.7
"03","BRA.NW",8898.2
"03","BRA.SE",10390.3
"03","BRA.SO",10763.9
"03","BRA.WE",8756.3
"03","BRN",11364.5
"03","BTN",13736.5
"03","BWA",12810.2
"03","CAF",10015.2
"03","CAN",1648468.1
"03","CAN.AB",10866.9
"03","CAN.AR",9920.1
"03","CAN.BC",10179.6
"03","CAN.MB",11301.8
"03","CAN.NL",9666.7
"03","CAN.NO",9408
"03","CAN.ON",11983.6
"03","CAN.QC",10946.2
"03","CAN.SK",10993.2
"03","CHE",6365.8
"03","CHL",322628.2
"03","CHN",1229938.6
"03","CHN.AN",6999.3
"03","CHN.BE",9915.1
"03","CHN.CH",7232
"03","CHN.EM",10132.7
"03","CHN.FU",6726.1
"03","CHN.GA",10581.6
"03","CHN.GD",7187.3
"03","CHN.GU",7672.8
"03","CHN.GX",6871.3
"03","CHN.HA",8046.9
"03","CHN.HB",11475.4
"03","CHN.HE",7192.3
"03","CHN.HJ",7694
"03","CHN.HK",7501.3
"03","CHN.HN",6090.1
"03","CHN.HU",7059.1
"03","CHN.JI",8963.6
"03","CHN.JS",7234.8
"03","CHN.JX",6512.1
"03","CHN.LI",9508.4
"03","CHN.MA",7489.5
"03","CHN.NI",9688.2
"03","CHN.QI",10816.2
"03","CHN.SC",8760.4
"03","CHN.SD",8406.6
"03","CHN.SH",7558.3
"03","CHN.SI",9422.4
"03","CHN.SX",9157.5
"03","CHN.TI",11688.8
"03","CHN.TJ",9035.1
"03","CHN.WM",10937.3
"03","CHN.XI",10104.5
"03","CHN.YU",10397.9
"03","CHN.ZH",7235.3
"03","CIV",6390.4
"03","CMR",10766.5
"03","COD",9378.9
"03","COG",8857.2
"03","COL",10181.9
"03","CPV",10083.9
"03","CRI",16005
"03","CUB",13556.1
"03","CYP",14992.2
"03","CZE",4450576.7
"03","DEU",3708649.4
"03","DJI",13919.8
"03","DNK",17773.4
"03","DOM",30806.2
"03","DZA",14575.3
"03","ECU",10669.3
"03","EGY",14566.9
"03","ERI",13968.8
"03","ESH",14257.9
"03","ESP",507011.2
"03","EST",6654.2
"03","ETH",17202.2
"03","FIN",4244.2
"03","FJI",10845.4
"03","FRA",6040470.7
"03","GAB",8594.4
"03","GBR",7760459.9
"03","GEO",10604
"03","GHA",9714.9
"03","GIN",15172.1
"03","GMB",12839
"03","GNB",12617.7
"03","GNQ",7861.4
"03","GRC",272130.7
"03","GTM",51518.9
"03","GUF",10494.7
"03","GUY",13491.8
"03","HND",74979.2
"03","HRV",6962.4
"03","HTI",13552.1
"03","HUN",5513.1
"03","IDN",14152.6
"03","IND",1263781.1
"03","IND.EA",10177.7
"03","IND.NE",9828.4
"03","IND.NO",10272.7
"03","IND.SO",10370.1
"03","IND.WE",10461.3
"03","IRL",5372.5
"03","IRN",28679
"03","IRQ",14422.1
"03","ISL",4908.9
"03","ISR",268972.2
"03","ITA",815202
"03","JAM",14353.4
"03","JOR",16228
"03","JPN",1486997.1
"03","JPN.CE",11684.2
"03","JPN.HO",9208.5
"03","JPN.KY",12161.2
"03","JPN.OK",11900
"03","JPN.SH",11886.2
"03","JPN.TO",11223.5
"03","KAZ",15669.8
"03","KEN",14073.1
"03","KGZ",13207.4
"03","KHM",14203.1
"03","KOR",159660.7
"03","KOS",9425.7
"03","KWT",12213.4
"03","LAO",10979.4
"03","LBN",11825.7
"03","LBR",9946.3
"03","LBY",13934.9
"03","LKA",24631.8
"03","LSO",13721.4
"03","LTU",8286.9
"03","LUX",6875.6
"03","LVA",5267.7
"03","MAR",77841
"03","MDA",8621.6
"03","MDG",14439.1
"03","MEX",52224.4
"03","MKD",9555.1
"03","MLI",15255.2
"03","MLT",10637.7
"03","MMR",14356.4
"03","MNE",10387.9
"03","MNG",14730.4
"03","MOZ",12531.3
"03","MRT",51515.4
"03","MUS",22789.4
"03","MWI",16893.6
"03","MYS",119447.8
"03","NAM",58103.5
"03","NER",14080.1
"03","NGA",12040.2
"03","NIC",14975.2
"03","NLD",5583.6
"03","NOR",6582.3
"03","NPL",12981.6
"03","NZL",9300
"03","OMN",13326.8
"03","PAK",40273.6
"03","PAN",5503.2
"03","PER",82741.6
"03","PHL",246417.3
"03","PNG",10043.3
"03","POL",57025.9
"03","PRK",12889
"03","PRT",1492701.1
"03","PRY",12442.5
"03","QAT",12096.2
"03","ROU",10786
"03","RUS",0
"03","RUS.CE",11550.2
"03","RUS.FE",8858
"03","RUS.MV",13182.3
"03","RUS.NW",7833
"03","RUS.SI",8735.9
"03","RUS.SO",11838.1
"03","RUS.UR",10764.7
"03","RWA",27162.1
"03","SAU",43033.3
"03","SDN",10877.8
"03","SEN",18442.4
"03","SGP",10273.8
"03","SLE",10944.8
"03","SLV",11770.3
"03","SOM",13968.2
"03","SRB",9712.4
"03","SUR",11657.6
"03","SVK",7044.9
"03","SVN",6841.7
"03","SWE",5707.6
"03","SWZ",12882.2
"03","SYR",13288.1
"03","TCD",12449.8
"03","TGO",9572.3
"03","THA",1734618.4
"03","TJK",12033.9
"03","TKM",11899.5
"03","TLS",10741.6
"03","TTO",6382.6
"03","TUN",13096.8
"03","TUR",24440.3
"03","TWN",8605.4
"03","TZA",14918.9
"03","UGA",13390.1
"03","UKR",9431.5
"03","URY",104284.7
"03","USA",32226635.7
"03","USA.AK",10564.1
"03","USA.AZ",15771.7
"03","USA.CA",14589.5
"03","USA.ER",12204.6
"03","USA.FR",14878.9
"03","USA.GU",10298.8
"03","USA.HA",15676.1
"03","USA.ME",14876.7
"03","USA.MW",14368.6
"03","USA.NE",12380.4
"03","USA.NW",14916.2
"03","USA.NY",11131.5
"03","USA.PR",11444.2
"03","USA.RA",16758.5
"03","USA.RE",12238.3
"03","USA.RM",14018.2
"03","USA.RW",12890.4
"03","USA.SA",11876.3
"03","USA.SC",11679.7
"03","USA.SE",12916.8
"03","USA.SN",13454.3
"03","USA.SS",14360.9
"03","USA.SV",12718
"03","USA.SW",12493.4
"03","UZB",11887.2
"03","VEN",11726.2
"03","VNM",10349.8
"03","YEM",17541.9
"03","ZAF",631780.9
"03","ZMB",12379.1
"03","ZWE",13765.5
"04","AFG",15449
"04","AGO",11974.4
"04","ALB",11488.5
"04","ARE",69750.2
"04","ARG",41500.3
"04","ARM",12760.5
"04","ATA",4329
"04","AUS",77610
"04","AUS.NT",7528.1
"04","AUS.QL",6529.9
"04","AUS.SA",6357.2
"04","AUS.SW",6166
"04","AUS.TA",4993.2
"04","AUS.VI",5657.6
"04","AUS.WA",6628.4
"04","AUT",8834.3
"04","AZE",12493.1
"04","BDI",10170
"04","BEL",8018
"04","BEN",9578.5
"04","BFA",14176.5
"04","BGD",12104.4
"04","BGR",13042.7
"04","BHR",12924.2
"04","BIH",11319.5
"04","BLR",6024.4
"04","BLZ",12373.7
"04","BOL",6374.7
"04","BRA",44654.8
"04","BRA.CN",9101.8
"04","BRA.CW",9029.8
"04","BRA.NE",12042.1
"04","BRA.NW",8470.1
"04","BRA.SE",10998.4
"04","BRA.SO",10632.5
"04","BRA.WE",8257.3
"04","BRN",9690.4
"04","BTN",11601.2
"04","BWA",12435
"04","CAF",10920.6
"04","CAN",1685532.5
"04","CAN.AB",13298.7
"04","CAN.AR",10910.6
"04","CAN.BC",14010.4
"04","CAN.MB",12205.5
"04","CAN.NL",10656.9
"04","CAN.NO",11455.7
"04","CAN.ON",12176.3
"04","CAN.QC",11174.9
"04","CAN.SK",13020.2
"04","CHE",5755.7
"04","CHL",306311.9
"04","CHN",1189825.3
"04","CHN.AN",7259.4
"04","CHN.BE",9404.8
"04","CHN.CH",7562.6
"04","CHN.EM",9017.6
"04","CHN.FU",7577.5
"04","CHN.GA",9834.2
"04","CHN.GD",8122.2
"04","CHN.GU",8037.1
"04","CHN.GX",7868.5
"04","CHN.HA",8573.9
"04","CHN.HB",10240.9
"04","CHN.HE",7978.9
"04","CHN.HJ",8235.1
"04","CHN.HK",8541.2
"04","CHN.HN",6933.3
"04","CHN.HU",7132.5
"04","CHN.JI",9187.1
"04","CHN.JS",7392.7
"04","CHN.JX",6960.6
"04","CHN.LI",8777.7
"04","CHN.MA",8616
"04","CHN.NI",9260.2
"04","CHN.QI",11299.8
"04","CHN.SC",8334.5
"04","CHN.SD",8216.5
"04","CHN.SH",7505.2
"04","CHN.SI",9166.8
"04","CHN.SX",9396.6
"04","CHN.TI",10490.4
"04","CHN.TJ",8660.6
"04","CHN.WM",9960.6
"04","CHN.XI",9396.9
"04","CHN.YU",9174.6
"04","CHN.ZH",7407.1
"04","CIV",5498.3
"04","CMR",11221.4
"04","COD",9478.7
"04","COG",9213.3
"04","COL",8683.3
"04","CPV",9686.8
"04","CRI",13490.1
"04","CUB",12934.2
"04","CYP",16273.8
"04","CZE",4941601.7
"04","DEU",4532527.6
"04","DJI",13355.2
"04","DNK",28225.4
"04","DOM",29359
"04","DZA",13693.8
"04","ECU",11309.2
"04","EGY",15626.9
"04","ERI",13255.2
"04","ESH",13391.2
"04","ESP",459729.8
"04","EST",10123.8
"04","ETH",15001.9
"04","FIN",6708.6
"04","FJI",11336.5
"04","FRA",7519653.9
"04","GAB",8494.6
"04","GBR",10625239.6
"04","GEO",11146.1
"04","GHA",8854
"04","GIN",13201
"04","GMB",12407.6
"04","GNB",12051.1
"04","GNQ",7687.6
"04","GRC",371276.9
"04","GTM",46779.3
"04","GUF",10900
"04","GUY",12979.6
"04","HND",68445.7
"04","HRV",10744.1
"04","HTI",13277
"04","HUN",8201
"04","IDN",12519.9
"04","IND",1222538.5
"04","IND.EA",9175
"04","IND.NE",8642.2
"04","IND.NO",10254.1
"04","IND.SO",8751
"04","IND.WE",10044.5
"04","IRL",7755.6
"04","IRN",27766.2
"04","IRQ",14865.4
"04","ISL",7642
"04","ISR",273598.6
"04","ITA",968117
"04","JAM",16998.2
"04","JOR",16630
"04","JPN",1479602.3
"04","JPN.CE",11243.8
"04","JPN.HO",11581.4
"04","JPN.KY",11089.8
"04","JPN.OK",10673.3
"04","JPN.SH",11430.7
"04","JPN.TO",11408.4
"04","KAZ",16704.1
"04","KEN",11271.5
"04","KGZ",12836.5
"04","KHM",13083.5
"04","KOR",132359.1
"04","KOS",11531.2
"04","KWT",12613.6
"04","LAO",11131.5
"04","LBN",11800.2
"04","LBR",8523.7
"04","LBY",14596.3
"04","LKA",16972.8
"04","LSO",13221.6
"04","LTU",10413.9
"04","LUX",7403.2
"04","LVA",6844.2
"04","MAR",72147.9
"04","MDA",10084.1
"04","MDG",14467.7
"04","MEX",52399.1
"04","MKD",12780.1
"04","MLI",15043.3
"04","MLT",12684.8
"04","MMR",13005.9
"04","MNE",11371.3
"04","MNG",14022.9
"04","MOZ",12372.4
"04","MRT",45731.1
"04","MUS",23684.9
"04","MWI",18101
"04","MYS",99061.1
"04","NAM",60101.1
"04","NER",14765.6
"04","NGA",12231.3
"04","NIC",13916
"04","NLD",6220.7
"04","NOR",15035.2
"04","NPL",12253.4
"04","NZL",6755.2
"04","OMN",13470.1
"04","PAK",44383.1
"04","PAN",4086.9
"04","PER",75019
"04","PHL",224783.6
"04","PNG",8923.2
"04","POL",68934.4
"04","PRK",12179.9
"04","PRT",1294299
"04","PRY",10690.9
"04","QAT",13113.5
"04","ROU",15347.4
"04","RUS",0
"04","RUS.CE",10402.1
"04","RUS.FE",11383.2
"04","RUS.MV",11066.7
"04","RUS.NW",9414.5
"04","RUS.SI",10985.8
"04","RUS.SO",12519.5
"04","RUS.UR",10758.7
"04","RWA",23429.3
"04","SAU",44848.9
"04","SDN",10944.3
"04","SEN",17838.1
"04","SGP",8447.5
"04","SLE",9125.1
"04","SLV",10703.2
"04","SOM",11718.8
"04","SRB",12193.3
"04","SUR",11178.7
"04","SVK",9455.1
"04","SVN",8789.5
"04","SWE",9676.2
"04","SWZ",11163.4
"04","SYR",13638.7
"04","TCD",13215.3
"04","TGO",9005.9
"04","THA",1761706.7
"04","TJK",13570.8
"04","TKM",12614.1
"04","TLS",10433.4
"04","TTO",5953.6
"04","TUN",13875.9
"04","TUR",29293
"04","TWN",10049.8
"04","TZA",14151
"04","UGA",10317.5
"04","UKR",10615.7
"04","URY",90847.2
"04","USA",33807082.7
"04","USA.AK",10311.1
"04","USA.AZ",16914.6
"04","USA.CA",15708.3
"04","USA.ER",12103.2
"04","USA.FR",12137.2
"04","USA.GU",9272.1
"04","USA.HA",15738.8
"04","USA.ME",13803.5
"04","USA.MW",13829.8
"04","USA.NE",13198.4
"04","USA.NW",16224
"04","USA.NY",12691
"04","USA.PR",10879.2
"04","USA.RA",16476.4
"04","USA.RE",13458
"04","USA.RM",13007.3
"04","USA.RW",13061.9
"04","USA.SA",11760.1
"04","USA.SC",12328.2
"04","USA.SE",11591.5
"04","USA.SN",13729.1
"04","USA.SS",15597.7
"04","USA.SV",13109.8
"04","USA.SW",13241
"04","UZB",12399.6
"04","VEN",10202.9
"04","VNM",10026.8
"04","YEM",17100.4
"04","ZAF",576079.1
"04","ZMB",12029.7
"04","ZWE",11920
"05","AFG",15753.2
"05","AGO",13144.2
"05","ALB",12360.6
"05","ARE",67256
"05","ARG",39081.2
"05","ARM",12726
"05","ATA",0
"05","AUS",72230.7
"05","AUS.NT",7418.1
"05","AUS.QL",6407.4
"05","AUS.SA",5469.7
"05","AUS.SW",5618.6
"05","AUS.TA",3203.7
"05","AUS.VI",4954.2
"05","AUS.WA",6688.2
"05","AUT",10795
"05","AZE",12627.8
"05","BDI",11814.4
"05","BEL",12585.6
"05","BEN",9360.8
"05","BFA",13663.5
"05","BGD",11975.6
"05","BGR",13061.3
"05","BHR",12824.5
"05","BIH",11564.2
"05","BLR",6835
"05","BLZ",12542.4
"05","BOL",7110.5
"05","BRA",41948.9
"05","BRA.CN",9965.6
"05","BRA.CW",10449.9
"05","BRA.NE",12330.6
"05","BRA.NW",9138
"05","BRA.SE",10421.2
"05","BRA.SO",8789.9
"05","BRA.WE",9096.4
"05","BRN",9000.4
"05","BTN",11905.4
"05","BWA",13416.4
"05","CAF",9604.6
"05","CAN",1763157.3
"05","CAN.AB",14397.2
"05","CAN.AR",13122.5
"05","CAN.BC",14278.8
"05","CAN.MB",12880.6
"05","CAN.NL",11962
"05","CAN.NO",14116.3
"05","CAN.ON",12729.3
"05","CAN.QC",12194.4
"05","CAN.SK",14168.5
"05","CHE",8470.5
"05","CHL",276803.4
"05","CHN",1207052.1
"05","CHN.AN",7829.2
"05","CHN.BE",9350.1
"05","CHN.CH",7673.4
"05","CHN.EM",9334.1
"05","CHN.FU",6660.3
"05","CHN.GA",9981.1
"05","CHN.GD",6063.1
"05","CHN.GU",8480.9
"05","CHN.GX",6708.6
"05","CHN.HA",6458.1
"05","CHN.HB",10183.3
"05","CHN.HE",8534.9
"05","CHN.HJ",8320.6
"05","CHN.HK",6042.9
"05","CHN.HN",7263.5
"05","CHN.HU",7837.3
"05","CHN.JI",9136.3
"05","CHN.JS",7924.8
"05","CHN.JX",6834.4
"05","CHN.LI",9312.9
"05","CHN.MA",5798
"05","CHN.NI",9489
"05","CHN.QI",10941.7
"05","CHN.SC",9460.9
"05","CHN.SD",8615.6
"05","CHN.SH",8093.3
"05","CHN.SI",9280.3
"05","CHN.SX",9363.3
"05","CHN.TI",11562.8
"05","CHN.TJ",8791.8
"05","CHN.WM",10304.6
"05","CHN.XI",9648.9
"05","CHN.YU",9695.5
"05","CHN.ZH",7416.2
"05","CIV",5796.2
"05","CMR",10688.1
"05","COD",9976.4
"05","COG",9261.3
"05","COL",8411.2
"05","CPV",9877.5
"05","CRI",10432.5
"05","CUB",11365.5
"05","CYP",16094.7
"05","CZE",5059825
"05","DEU",4733107.7
"05","DJI",10613.8
"05","DNK",29596.9
"05","DOM",25428.8
"05","DZA",13866.2
"05","ECU",11219.2
"05","EGY",15260.3
"05","ERI",12311.5
"05","ESH",13925.7
"05","ESP",544854.8
"05","EST",13435.3
"05","ETH",14399.5
"05","FIN",10105.3
"05","FJI",10558.9
"05","FRA",7663747.3
"05","GAB",8464.7
"05","GBR",10476519.5
"05","GEO",12074.4
"05","GHA",9054.2
"05","GIN",11630.9
"05","GMB",11609.9
"05","GNB",10440.2
"05","GNQ",7728.3
"05","GRC",382452.2
"05","GTM",43864.6
"05","GUF",9726.9
"05","GUY",11497.5
"05","HND",63063.2
"05","HRV",14678.6
"05","HTI",11517.8
"05","HUN",9932.8
"05","IDN",14584.8
"05","IND",1206303
"05","IND.EA",8957
"05","IND.NE",9193.6
"05","IND.NO",10338.9
"05","IND.SO",7410.8
"05","IND.WE",9852.1
"05","IRL",7817.3
"05","IRN",27448.8
"05","IRQ",14523.7
"05","ISL",10978.2
"05","ISR",277355.3
"05","ITA",986890.6
"05","JAM",18499.4
"05","JOR",16458.6
"05","JPN",1680647.6
"05","JPN.CE",12785.3
"05","JPN.HO",13296.4
"05","JPN.KY",11889.1
"05","JPN.OK",11179.6
"05","JPN.SH",12550.5
"05","JPN.TO",13455.6
"05","KAZ",17371.5
"05","KEN",11496.4
"05","KGZ",12448.8
"05","KHM",11755.9
"05","KOR",161726
"05","KOS",11719.3
"05","KWT",11946.5
"05","LAO",10559.6
"05","LBN",12911.2
"05","LBR",8644.4
"05","LBY",14159.3
"05","LKA",14743.2
"05","LSO",13130.6
"05","LTU",16109.8
"05","LUX",10924.3
"05","LVA",10012.4
"05","MAR",73614
"05","MDA",12001.4
"05","MDG",14946.4
"05","MEX",54888.9
"05","MKD",13154.4
"05","MLI",14310.2
"05","MLT",13321.4
"05","MMR",12188.8
"05","MNE",12281.2
"05","MNG",14376.7
"05","MOZ",12542.3
"05","MRT",47750.7
"05","MUS",21933.8
"05","MWI",18944
"05","MYS",91467
"05","NAM",61806.9
"05","NER",13837.2
"05","NGA",11392.2
"05","NIC",12477.5
"05","NLD",9769.6
"05","NOR",16154.3
"05","NPL",13618.9
"05","NZL",5459.2
"05","OMN",12993.4
"05","PAK",45978.7
"05","PAN",2900.9
"05","PER",84387.2
"05","PHL",208120.6
"05","PNG",9365.7
"05","POL",76271.9
"05","PRK",13625.9
"05","PRT",1546636.4
"05","PRY",9774
"05","QAT",12765.2
"05","ROU",18171.8
"05","RUS",0
"05","RUS.CE",13237.4
"05","RUS.FE",12638.3
"05","RUS.MV",13079.6
"05","RUS.NW",11831.4
"05","RUS.SI",13161.5
"05","RUS.SO",13491.9
"05","RUS.UR",12581.3
"05","RWA",25555.4
"05","SAU",43613.4
"05","SDN",9997.8
"05","SEN",16873.2
"05","SGP",8145.4
"05","SLE",7668.5
"05","SLV",9587.4
"05","SOM",10777.8
"05","SRB",12304.7
"05","SUR",9993.9
"05","SVK",11317.1
"05","SVN",13247
"05","SWE",14376.3
"05","SWZ",11896.4
"05","SYR",14173.4
"05","TCD",12198.6
"05","TGO",8907.5
"05","THA",1486345.9
"05","TJK",13524.7
"05","TKM",12985.1
"05","TLS",12123.1
"05","TTO",5534.5
"05","TUN",14191.6
"05","TUR",30291.7
"05","TWN",9013.1
"05","TZA",15451.3
"05","UGA",10856
"05","UKR",12205.7
"05","URY",73336.1
"05","USA",35863094.8
"05","USA.AK",14709.5
"05","USA.AZ",16578.8
"05","USA.CA",15767.6
"05","USA.ER",12124.5
"05","USA.FR",14686.6
"05","USA.GU",8994.9
"05","USA.HA",16987.9
"05","USA.ME",13564.2
"05","USA.MW",13015.1
"05","USA.NE",15125.1
"05","USA.NW",14423.3
"05","USA.NY",14214
"05","USA.PR",9208.2
"05","USA.RA",14002.4
"05","USA.RE",14743.7
"05","USA.RM",13404.9
"05","USA.RW",13389.7
"05","USA.SA",11860.5
"05","USA.SC",13663.3
"05","USA.SE",13864.6
"05","USA.SN",13132.4
"05","USA.SS",15722
"05","USA.SV",15098.6
"05","USA.SW",13135.4
"05","UZB",13157.6
"05","VEN",10133.5
"05","VNM",8362.6
"05","YEM",15664.8
"05","ZAF",547565.4
"05","ZMB",13748.1
"05","ZWE",13549.1
"06","AFG",15952.4
"06","AGO",12710.6
"06","ALB",11546.5
"06","ARE",63194.6
"06","ARG",37462.1
"06","ARM",13795.4
"06","ATA",0
"06","AUS",63362.5
"06","AUS.NT",6826.8
"06","AUS.QL",5325.6
"06","AUS.SA",5050.7
"06","AUS.SW",4940
"06","AUS.TA",2634.7
"06","AUS.VI",3976.4
"06","AUS.WA",5450.9
"06","AUT",10620.1
"06","AZE",13140.2
"06","BDI",11114.9
"06","BEL",12823.4
"06","BEN",9021.8
"06","BFA",12595.8
"06","BGD",10235.1
"06","BGR",12917.9
"06","BHR",12779.6
"06","BIH",11756
"06","BLR",7906.3
"06","BLZ",8752.7
"06","BOL",7264
"06","BRA",42189.6
"06","BRA.CN",10484.8
"06","BRA.CW",11016.5
"06","BRA.NE",11813
"06","BRA.NW",9671.6
"06","BRA.SE",10574.1
"06","BRA.SO",9242
"06","BRA.WE",10664.5
"06","BRN",7756.2
"06","BTN",10562.8
"06","BWA",12491
"06","CAF",9378.6
"06","CAN",1684581.8
"06","CAN.AB",12767.3
"06","CAN.AR",11837.8
"06","CAN.BC",13840.7
"06","CAN.MB",12768.1
"06","CAN.NL",11016
"06","CAN.NO",11504.6
"06","CAN.ON",12183.6
"06","CAN.QC",11739.1
"06","CAN.SK",12983.8
"06","CHE",9028.7
"06","CHL",258543.5
"06","CHN",1092508.3
"06","CHN.AN",6682
"06","CHN.BE",7576.5
"06","CHN.CH",7159.6
"06","CHN.EM",8669.6
"06","CHN.FU",6774.7
"06","CHN.GA",8943.3
"06","CHN.GD",6903
"06","CHN.GU",7674.4
"06","CHN.GX",6483.3
"06","CHN.HA",6734.7
"06","CHN.HB",8513.7
"06","CHN.HE",7230.9
"06","CHN.HJ",8445.5
"06","CHN.HK",7084.4
"06","CHN.HN",6809
"06","CHN.HU",6970.8
"06","CHN.JI",8215.9
"06","CHN.JS",6732.9
"06","CHN.JX",6235.7
"06","CHN.LI",7973
"06","CHN.MA",7030.6
"06","CHN.NI",9016.7
"06","CHN.QI",9956.1
"06","CHN.SC",8262.8
"06","CHN.SD",8001.5
"06","CHN.SH",6077.7
"06","CHN.SI",8795.6
"06","CHN.SX",8134
"06","CHN.TI",10803.7
"06","CHN.TJ",7693.9
"06","CHN.WM",9033.5
"06","CHN.XI",8822.6
"06","CHN.YU",8639.8
"06","CHN.ZH",5804.7
"06","CIV",5944
"06","CMR",10633.6
"06","COD",10154
"06","COG",9353.1
"06","COL",8662.1
"06","CPV",8998.1
"06","CRI",8625.7
"06","CUB",8500.1
"06","CYP",16311.9
"06","CZE",5028599.2
"06","DEU",4494594.4
"06","DJI",10502.6
"06","DNK",31225.5
"06","DOM",21685.2
"06","DZA",12837.2
"06","ECU",11532.5
"06","EGY",14534.2
"06","ERI",11129.7
"06","ESH",12946
"06","ESP",519025.8
"06","EST",15630
"06","ETH",14193.3
"06","FIN",11867.3
"06","FJI",9186.2
"06","FRA",7585708.3
"06","GAB",9408.2
"06","GBR",11396318.3
"06","GEO",12422.3
"06","GHA",9231.1
"06","GIN",11149.5
"06","GMB",10545.1
"06","GNB",8668.9
"06","GNQ",8397.5
"06","GRC",354607.8
"06","GTM",35968.4
"06","GUF",10358.7
"06","GUY",10678.7
"06","HND",51036.1
"06","HRV",12841.3
"06","HTI",9730.5
"06","HUN",9212.3
"06","IDN",14451.9
"06","IND",1054811.2
"06","IND.EA",7567
"06","IND.NE",8024.5
"06","IND.NO",9503
"06","IND.SO",6891.3
"06","IND.WE",8038
"06","IRL",7603.6
"06","IRN",27634.6
"06","IRQ",14363.6
"06","ISL",10240.2
"06","ISR",268480.5
"06","ITA",968155.4
"06","JAM",16953.7
"06","JOR",15858.8
"06","JPN",1342172.8
"06","JPN.CE",10192.3
"06","JPN.HO",11496.7
"06","JPN.KY",8533.6
"06","JPN.OK",9057.6
"06","JPN.SH",9706.9
"06","JPN.TO",11043.5
"06","KAZ",17499.3
"06","KEN",11495.5
"06","KGZ",13295.5
"06","KHM",10487.4
"06","KOR",139283.1
"06","KOS",11886.1
"06","KWT",12776.1
"06","LAO",8684.3
"06","LBN",12574.6
"06","LBR",9093.8
"06","LBY",13241
"06","LKA",14845.8
"06","LSO",12182.3
"06","LTU",15508.9
"06","LUX",11305.7
"06","LVA",10235.7
"06","MAR",69272.1
"06","MDA",11840.2
"06","MDG",13686
"06","MEX",46293.8
"06","MKD",13141.4
"06","MLI",13110
"06","MLT",12761.4
"06","MMR",11015.6
"06","MNE",12010.2
"06","MNG",13199.4
"06","MOZ",11287.6
"06","MRT",43302.3
"06","MUS",19866.5
"06","MWI",17290.1
"06","MYS",82968.1
"06","NAM",59677.2
"06","NER",13025.4
"06","NGA",11405.7
"06","NIC",9297.7
"06","NLD",10185.8
"06","NOR",21290.1
"06","NPL",12275.1
"06","NZL",4058.1
"06","OMN",11482.3
"06","PAK",43141.6
"06","PAN",2603.4
"06","PER",79122.3
"06","PHL",161802.8
"06","PNG",8755.8
"06","POL",76847.7
"06","PRK",12028.3
"06","PRT",1475934.5
"06","PRY",9630.5
"06","QAT",12550.5
"06","ROU",15612
"06","RUS",0
"06","RUS.CE",13292.4
"06","RUS.FE",12655.9
"06","RUS.MV",13778.3
"06","RUS.NW",12176.6
"06","RUS.SI",12816.8
"06","RUS.SO",12396.8
"06","RUS.UR",12038.7
"06","RWA",24664.3
"06","SAU",43521.9
"06","SDN",9241
"06","SEN",15294.5
"06","SGP",7481.1
"06","SLE",8097.8
"06","SLV",8268.6
"06","SOM",11621
"06","SRB",12611.8
"06","SUR",10681.2
"06","SVK",10880
"06","SVN",12112.8
"06","SWE",15559.2
"06","SWZ",11120.2
"06","SYR",13738.8
"06","TCD",11434.8
"06","TGO",8923.2
"06","THA",1398149.2
"06","TJK",14154.9
"06","TKM",13095.5
"06","TLS",11007
"06","TTO",4893.3
"06","TUN",13265.2
"06","TUR",28129.8
"06","TWN",9731.5
"06","TZA",15458.2
"06","UGA",10934.7
"06","UKR",12184
"06","URY",71954
"06","USA",33078271.1
"06","USA.AK",11969.1
"06","USA.AZ",15199.8
"06","USA.CA",15060.7
"06","USA.ER",12741.5
"06","USA.FR",11045.8
"06","USA.GU",8473.7
"06","USA.HA",16259.6
"06","USA.ME",14060.5
"06","USA.MW",14461.9
"06","USA.NE",12703.7
"06","USA.NW",16328.1
"06","USA.NY",12225.8
"06","USA.PR",7878.8
"06","USA.RA",15789.4
"06","USA.RE",12474.7
"06","USA.RM",12998.4
"06","USA.RW",12118.1
"06","USA.SA",12668.6
"06","USA.SC",13286.5
"06","USA.SE",12619.7
"06","USA.SN",13071.9
"06","USA.SS",14878.3
"06","USA.SV",13768.6
"06","USA.SW",12216.4
"06","UZB",13483.1
"06","VEN",9442.8
"06","VNM",6945
"06","YEM",14004
"06","ZAF",491505.8
"06","ZMB",12827.8
"06","ZWE",12610.6
"07","AFG",15833.8
"07","AGO",12778.5
"07","ALB",12707.2
"07","ARE",63122.9
"07","ARG",38214.9
"07","ARM",14520.2
"07","ATA",0
"07","AUS",67445.3
"07","AUS.NT",7628.2
"07","AUS.QL",6301.3
"07","AUS.SA",4977.8
"07","AUS.SW",5465.8
"07","AUS.TA",3052.6
"07","AUS.VI",4063.8
"07","AUS.WA",5158.7
"07","AUT",11506.6
"07","AZE",13287
"07","BDI",12549.6
"07","BEL",11639.3
"07","BEN",9136.4
"07","BFA",12478.8
"07","BGD",9286.2
"07","BGR",14882.2
"07","BHR",12556.6
"07","BIH",13038.3
"07","BLR",7392.1
"07","BLZ",10822.8
"07","BOL",7439.1
"07","BRA",40204.4
"07","BRA.CN",11565.3
"07","BRA.CW",11267.4
"07","BRA.NE",12053.2
"07","BRA.NW",11086.5
"07","BRA.SE",10067.8
"07","BRA.SO",8031.1
"07","BRA.WE",11549.9
"07","BRN",8661.4
"07","BTN",9325.4
"07","BWA",12632.9
"07","CAF",9489.6
"07","CAN",1856321.5
"07","CAN.AB",13032.7
"07","CAN.AR",12598.6
"07","CAN.BC",14051.4
"07","CAN.MB",12575.4
"07","CAN.NL",9841.9
"07","CAN.NO",10501.6
"07","CAN.ON",13456.4
"07","CAN.QC",12291.6
"07","CAN.SK",12994.6
"07","CHE",9998.2
"07","CHL",250979.3
"07","CHN",1150802.2
"07","CHN.AN",6549.5
"07","CHN.BE",8063.4
"07","CHN.CH",8277.8
"07","CHN.EM",8500
"07","CHN.FU",7321.4
"07","CHN.GA",9538.8
"07","CHN.GD",7077.1
"07","CHN.GU",8323.9
"07","CHN.GX",7175.2
"07","CHN.HA",6921.1
"07","CHN.HB",8255
"07","CHN.HE",8089.6
"07","CHN.HJ",8678.9
"07","CHN.HK",6844.4
"07","CHN.HN",7515.9
"07","CHN.HU",7434
"07","CHN.JI",8272.2
"07","CHN.JS",6612
"07","CHN.JX",7089
"07","CHN.LI",8425.5
"07","CHN.MA",6798.7
"07","CHN.NI",9395.4
"07","CHN.QI",10984.3
"07","CHN.SC",9137.8
"07","CHN.SD",7926.8
"07","CHN.SH",6864.8
"07","CHN.SI",9433.2
"07","CHN.SX",8742.2
"07","CHN.TI",11194.6
"07","CHN.TJ",8357.5
"07","CHN.WM",9113.4
"07","CHN.XI",9615.8
"07","CHN.YU",8191.2
"07","CHN.ZH",6827.9
"07","CIV",6538.9
"07","CMR",10758.7
"07","COD",10355.7
"07","COG",9896.6
"07","COL",9140.1
"07","CPV",9272.6
"07","CRI",9521.3
"07","CUB",10165.6
"07","CYP",16553.4
"07","CZE",5569018.2
"07","DEU",4997211.3
"07","DJI",11782.8
"07","DNK",32262.9
"07","DOM",22607.2
"07","DZA",13104
"07","ECU",12225.5
"07","EGY",15162.2
"07","ERI",11587.5
"07","ESH",12762.3
"07","ESP",544720.6
"07","EST",13134.1
"07","ETH",14717.9
"07","FIN",10176.3
"07","FJI",10443.5
"07","FRA",7951499
"07","GAB",9816.2
"07","GBR",11037930.8
"07","GEO",13682
"07","GHA",9609.4
"07","GIN",11247.9
"07","GMB",9061.2
"07","GNB",7256.8
"07","GNQ",9427.5
"07","GRC",398940.1
"07","GTM",39471.7
"07","GUF",11944.8
"07","GUY",11633.7
"07","HND",60041.8
"07","HRV",13520.7
"07","HTI",10279.4
"07","HUN",9357.1
"07","IDN",16360.3
"07","IND",1040897.2
"07","IND.EA",6548.4
"07","IND.NE",6417.1
"07","IND.NO",9177
"07","IND.SO",7763.7
"07","IND.WE",8100.7
"07","IRL",7054.7
"07","IRN",28467.8
"07","IRQ",14665.2
"07","ISL",9029.2
"07","ISR",275571.4
"07","ITA",1026349.8
"07","JAM",16967
"07","JOR",16189.8
"07","JPN",1513806.5
"07","JPN.CE",11314.6
"07","JPN.HO",12277.4
"07","JPN.KY",11477.8
"07","JPN.OK",10522.1
"07","JPN.SH",11683.1
"07","JPN.TO",11473.9
"07","KAZ",18138.4
"07","KEN",12590
"07","KGZ",14378.6
"07","KHM",10188.3
"07","KOR",141176.4
"07","KOS",13191.1
"07","KWT",12723.7
"07","LAO",8709.4
"07","LBN",12802.9
"07","LBR",10194.2
"07","LBY",13906.7
"07","LKA",16164.8
"07","LSO",12152.2
"07","LTU",14301.1
"07","LUX",11560.3
"07","LVA",8998.6
"07","MAR",67235.6
"07","MDA",12279.7
"07","MDG",14798.6
"07","MEX",48619
"07","MKD",14527.3
"07","MLI",12698.1
"07","MLT",13178
"07","MMR",10387.9
"07","MNE",13134.3
"07","MNG",13220.8
"07","MOZ",11758.5
"07","MRT",44594.1
"07","MUS",21260.9
"07","MWI",18287.4
"07","MYS",80722.8
"07","NAM",57959
"07","NER",13088.7
"07","NGA",11574.9
"07","NIC",11095.4
"07","NLD",9024.2
"07","NOR",19392.9
"07","NPL",10754.6
"07","NZL",4804.3
"07","OMN",12020.2
"07","PAK",41665.5
"07","PAN",2849.8
"07","PER",82880.8
"07","PHL",154979.2
"07","PNG",10376.5
"07","POL",79301.5
"07","PRK",11537.4
"07","PRT",1569969.2
"07","PRY",9228.7
"07","QAT",12409.2
"07","ROU",15739
"07","RUS",0
"07","RUS.CE",13363.1
"07","RUS.FE",11806.6
"07","RUS.MV",13511.2
"07","RUS.NW",10611.8
"07","RUS.SI",12172.4
"07","RUS.SO",15003.4
"07","RUS.UR",11540.3
"07","RWA",28886.7
"07","SAU",43928
"07","SDN",9510.6
"07","SEN",13887.2
"07","SGP",7430.8
"07","SLE",8940.8
"07","SLV",9165.8
"07","SOM",12434.9
"07","SRB",14137.7
"07","SUR",11541.8
"07","SVK",10888
"07","SVN",14123.5
"07","SWE",13276.3
"07","SWZ",10724.4
"07","SYR",14042.8
"07","TCD",11448.1
"07","TGO",9359.1
"07","THA",1402459.6
"07","TJK",14368.6
"07","TKM",13500.4
"07","TLS",12365.7
"07","TTO",5007.6
"07","TUN",13946.4
"07","TUR",31766.1
"07","TWN",9810.3
"07","TZA",16568.9
"07","UGA",12214.7
"07","UKR",13069.4
"07","URY",71838.2
"07","USA",34342892.3
"07","USA.AK",11610
"07","USA.AZ",14175.2
"07","USA.CA",15356.9
"07","USA.ER",14753.8
"07","USA.FR",11221.6
"07","USA.GU",6508.2
"07","USA.HA",16372.1
"07","USA.ME",15005.1
"07","USA.MW",15268.3
"07","USA.NE",14252.9
"07","USA.NW",15761.1
"07","USA.NY",13767.5
"07","USA.PR",8410.3
"07","USA.RA",14861.6
"07","USA.RE",13715.9
"07","USA.RM",14565.9
"07","USA.RW",13444
"07","USA.SA",13995.4
"07","USA.SC",12547.9
"07","USA.SE",12641.6
"07","USA.SN",13268.1
"07","USA.SS",14902.7
"07","USA.SV",14000
"07","USA.SW",12405.6
"07","UZB",13685.5
"07","VEN",9646.3
"07","VNM",7223.2
"07","YEM",14898.7
"07","ZAF",503211.9
"07","ZMB",13379.4
"07","ZWE",13095.8
"08","AFG",16834.8
"08","AGO",13070.4
"08","ALB",11531.8
"08","ARE",65780.7
"08","ARG",38114.3
"08","ARM",13886.4
"08","ATA",507.2
"08","AUS",81474.8
"08","AUS.NT",8180.4
"08","AUS.QL",7220.8
"08","AUS.SA",6347.8
"08","AUS.SW",6692.6
"08","AUS.TA",4295.7
"08","AUS.VI",4821.1
"08","AUS.WA",6054.7
"08","AUT",10903.5
"08","AZE",12800.5
"08","BDI",12732.8
"08","BEL",10771.8
"08","BEN",8525.1
"08","BFA",10513.5
"08","BGD",9999.8
"08","BGR",13847.8
"08","BHR",12903
"08","BIH",11744.7
"08","BLR",7800.4
"08","BLZ",10972.1
"08","BOL",7963.8
"08","BRA",50337.1
"08","BRA.CN",12567.1
"08","BRA.CW",12765.9
"08","BRA.NE",13816
"08","BRA.NW",11379.7
"08","BRA.SE",12919.3
"08","BRA.SO",10694.7
"08","BRA.WE",11552.5
"08","BRN",9381.8
"08","BTN",8609.5
"08","BWA",13343.4
"08","CAF",9384
"08","CAN",1712246.1
"08","CAN.AB",11949.7
"08","CAN.AR",12726.5
"08","CAN.BC",12424.3
"08","CAN.MB",12105.1
"08","CAN.NL",10691
"08","CAN.NO",9351.7
"08","CAN.ON",12417.5
"08","CAN.QC",11144.1
"08","CAN.SK",12190.1
"08","CHE",8967.1
"08","CHL",268450.9
"08","CHN",1150717.1
"08","CHN.AN",7883.7
"08","CHN.BE",7633.6
"08","CHN.CH",7757.3
"08","CHN.EM",8384.5
"08","CHN.FU",7374.9
"08","CHN.GA",9645.4
"08","CHN.GD",7288.2
"08","CHN.GU",7678.1
"08","CHN.GX",7271.4
"08","CHN.HA",7317.4
"08","CHN.HB",9223.7
"08","CHN.HE",7730.9
"08","CHN.HJ",6701.5
"08","CHN.HK",6932.8
"08","CHN.HN",7829.7
"08","CHN.HU",8276.3
"08","CHN.JI",7505.7
"08","CHN.JS",6967.4
"08","CHN.JX",7645.5
"08","CHN.LI",7890
"08","CHN.MA",6937.6
"08","CHN.NI",9450.3
"08","CHN.QI",10484.1
"08","CHN.SC",8182.9
"08","CHN.SD",7462.5
"08","CHN.SH",7675.2
"08","CHN.SI",9320.3
"08","CHN.SX",8595.9
"08","CHN.TI",10558
"08","CHN.TJ",7276.8
"08","CHN.WM",9884.7
"08","CHN.XI",9392
"08","CHN.YU",7744.4
"08","CHN.ZH",7494
"08","CIV",6457.8
"08","CMR",10679.8
"08","COD",10595
"08","COG",9975.8
"08","COL",8932.5
"08","CPV",8281.3
"08","CRI",11042.3
"08","CUB",10457.5
"08","CYP",16467.3
"08","CZE",5018292.6
"08","DEU",4545598.7
"08","DJI",11713.3
"08","DNK",29557.9
"08","DOM",23792.4
"08","DZA",12626.4
"08","ECU",13308.3
"08","EGY",14797
"08","ERI",9477.9
"08","ESH",12552.8
"08","ESP",522577.5
"08","EST",10740.4
"08","ETH",15017
"08","FIN",6820.9
"08","FJI",10910.3
"08","FRA",7414164.4
"08","GAB",10031.6
"08","GBR",9261238.3
"08","GEO",12878.3
"08","GHA",9224.5
"08","GIN",11365.3
"08","GMB",8337.1
"08","GNB",7928.8
"08","GNQ",8652.8
"08","GRC",360163.5
"08","GTM",41950
"08","GUF",12886
"08","GUY",13194.3
"08","HND",64086.9
"08","HRV",15329.8
"08","HTI",10674.2
"08","HUN",9664.2
"08","IDN",17206.6
"08","IND",1128487.1
"08","IND.EA",7273.3
"08","IND.NE",6796.8
"08","IND.NO",9898.7
"08","IND.SO",7585.5
"08","IND.WE",8910.4
"08","IRL",7073.4
"08","IRN",29942.8
"08","IRQ",14634.6
"08","ISL",7438
"08","ISR",271349
"08","ITA",938325.3
"08","JAM",15915.4
"08","JOR",15935.8
"08","JPN",1501909.9
"08","JPN.CE",11559.2
"08","JPN.HO",11591.8
"08","JPN.KY",11465.9
"08","JPN.OK",11256.6
"08","JPN.SH",11374.1
"08","JPN.TO",11258.9
"08","KAZ",18344.5
"08","KEN",13480.9
"08","KGZ",14332.7
"08","KHM",9776.9
"08","KOR",139102.7
"08","KOS",11897.5
"08","KWT",12803.4
"08","LAO",8110.3
"08","LBN",12731.6
"08","LBR",10068.3
"08","LBY",13733.1
"08","LKA",18002.8
"08","LSO",13228.3
"08","LTU",13608.1
"08","LUX",9756
"08","LVA",8280.5
"08","MAR",64939
"08","MDA",11096.9
"08","MDG",15776
"08","MEX",49024.3
"08","MKD",13243.2
"08","MLI",12070
"08","MLT",11679.5
"08","MMR",11342.2
"08","MNE",11706.4
"08","MNG",13445.9
"08","MOZ",12767.4
"08","MRT",38599.5
"08","MUS",22843.7
"08","MWI",19487.1
"08","MYS",97372.1
"08","NAM",59570.5
"08","NER",11999.8
"08","NGA",10968.2
"08","NIC",11634
"08","NLD",8284.8
"08","NOR",13126.2
"08","NPL",10522.5
"08","NZL",5777.9
"08","OMN",12955
"08","PAK",42638.9
"08","PAN",2810.1
"08","PER",86301.5
"08","PHL",153551.7
"08","PNG",12275
"08","POL",79354.9
"08","PRK",11093.1
"08","PRT",1547726.2
"08","PRY",10679.9
"08","QAT",12750
"08","ROU",18245
"08","RUS",0
"08","RUS.CE",14360.2
"08","RUS.FE",9845.3
"08","RUS.MV",13930.4
"08","RUS.NW",11315.1
"08","RUS.SI",9737.5
"08","RUS.SO",14372.6
"08","RUS.UR",10614.3
"08","RWA",29224.8
"08","SAU",44438.8
"08","SDN",8806.9
"08","SEN",12503.2
"08","SGP",9030.9
"08","SLE",8829.2
"08","SLV",9563
"08","SOM",12966.7
"08","SRB",12658.7
"08","SUR",12433.7
"08","SVK",10530.7
"08","SVN",14028.2
"08","SWE",9877.9
"08","SWZ",12140
"08","SYR",13976.2
"08","TCD",10406
"08","TGO",8957.2
"08","THA",1382065.8
"08","TJK",15035.2
"08","TKM",13916.1
"08","TLS",13375.2
"08","TTO",5423.3
"08","TUN",12997.1
"08","TUR",30975.4
"08","TWN",8577.9
"08","TZA",17290.2
"08","UGA",13531
"08","UKR",13118
"08","URY",64579.2
"08","USA",34560661
"08","USA.AK",10501.3
"08","USA.AZ",14529.1
"08","USA.CA",15438.1
"08","USA.ER",13820.6
"08","USA.FR",10630.9
"08","USA.GU",6356.7
"08","USA.HA",14496.8
"08","USA.ME",14517.6
"08","USA.MW",13943.7
"08","USA.NE",14802.5
"08","USA.NW",15195.8
"08","USA.NY",14135.6
"08","USA.PR",9056.7
"08","USA.RA",15455.8
"08","USA.RE",14857.2
"08","USA.RM",14466.9
"08","USA.RW",14442.5
"08","USA.SA",13804.9
"08","USA.SC",14087.1
"08","USA.SE",12840.7
"08","USA.SN",14321.4
"08","USA.SS",14847.4
"08","USA.SV",13411.2
"08","USA.SW",14054.7
"08","UZB",14208.6
"08","VEN",9520.2
"08","VNM",7232.5
"08","YEM",15496.4
"08","ZAF",557275
"08","ZMB",13808.9
"08","ZWE",13812.2
"09","AFG",16650.3
"09","AGO",12671.2
"09","ALB",10705
"09","ARE",63968.2
"09","ARG",45632.9
"09","ARM",12621.5
"09","ATA",13237.4
"09","AUS",95712.8
"09","AUS.NT",8647.9
"09","AUS.QL",7508.4
"09","AUS.SA",7890.9
"09","AUS.SW",7778.3
"09","AUS.TA",5822.2
"09","AUS.VI",7146.1
"09","AUS.WA",8236.2
"09","AUT",9995.5
"09","AZE",11579
"09","BDI",11275.7
"09","BEL",9492.2
"09","BEN",9084.9
"09","BFA",11035.6
"09","BGD",9492.2
"09","BGR",11630.7
"09","BHR",12293.6
"09","BIH",9619.2
"09","BLR",5098.5
"09","BLZ",8443.8
"09","BOL",7708.4
"09","BRA",47596.5
"09","BRA.CN",12379.3
"09","BRA.CW",11435.8
"09","BRA.NE",13793
"09","BRA.NW",11598.9
"09","BRA.SE",11872.5
"09","BRA.SO",10071.8
"09","BRA.WE",10843.3
"09","BRN",8823.4
"09","BTN",9405.8
"09","BWA",13244.2
"09","CAF",9422.2
"09","CAN",1559682.2
"09","CAN.AB",10630
"09","CAN.AR",11905.3
"09","CAN.BC",11773.7
"09","CAN.MB",11136.6
"09","CAN.NL",9175.3
"09","CAN.NO",7346.1
"09","CAN.ON",11313.4
"09","CAN.QC",11545
"09","CAN.SK",11592.3
"09","CHE",7788
"09","CHL",317958.4
"09","CHN",1051586.5
"09","CHN.AN",7776.6
"09","CHN.BE",7162
"09","CHN.CH",6549.7
"09","CHN.EM",7617.3
"09","CHN.FU",7067.2
"09","CHN.GA",8447.4
"09","CHN.GD",7335.2
"09","CHN.GU",7299.4
"09","CHN.GX",7080.9
"09","CHN.HA",6884.2
"09","CHN.HB",7399.3
"09","CHN.HE",7322.4
"09","CHN.HJ",8287.1
"09","CHN.HK",7716.9
"09","CHN.HN",7231.1
"09","CHN.HU",7296.3
"09","CHN.JI",8082.9
"09","CHN.JS",7329.5
"09","CHN.JX",7237
"09","CHN.LI",7754.4
"09","CHN.MA",7724.8
"09","CHN.NI",7696.4
"09","CHN.QI",10117.6
"09","CHN.SC",7635
"09","CHN.SD",7237.2
"09","CHN.SH",7848
"09","CHN.SI",7720.2
"09","CHN.SX",7419.9
"09","CHN.TI",11245.1
"09","CHN.TJ",6907.3
"09","CHN.WM",8137.3
"09","CHN.XI",8994.7
"09","CHN.YU",8474.3
"09","CHN.ZH",7062.9
"09","CIV",6601.7
"09","CMR",10872.2
"09","COD",10077.6
"09","COG",9323.1
"09","COL",8911.8
"09","CPV",8012.7
"09","CRI",9206.9
"09","CUB",8978.4
"09","CYP",14947.1
"09","CZE",4530311.2
"09","DEU",3948844
"09","DJI",10736.1
"09","DNK",25052.8
"09","DOM",21219.8
"09","DZA",11505.6
"09","ECU",13180.1
"09","EGY",13758.7
"09","ERI",10599.3
"09","ESH",11991.3
"09","ESP",481600.8
"09","EST",7027.1
"09","ETH",15258.3
"09","FIN",5182.3
"09","FJI",11684.1
"09","FRA",7047756.1
"09","GAB",9552.9
"09","GBR",9933894.1
"09","GEO",12046.4
"09","GHA",9380.4
"09","GIN",11532.7
"09","GMB",7669
"09","GNB",7466.8
"09","GNQ",8668.7
"09","GRC",326346
"09","GTM",32497.3
"09","GUF",13260.6
"09","GUY",13622.7
"09","HND",53013.9
"09","HRV",12622.2
"09","HTI",9740.8
"09","HUN",8712.9
"09","IDN",16180.7
"09","IND",1151522.2
"09","IND.EA",7426.5
"09","IND.NE",7026.6
"09","IND.NO",9950.2
"09","IND.SO",7233.7
"09","IND.WE",9373.8
"09","IRL",6712.6
"09","IRN",28705.2
"09","IRQ",13327.6
"09","ISL",4615.5
"09","ISR",243976.4
"09","ITA",845129
"09","JAM",15135.4
"09","JOR",14834.6
"09","JPN",1314313.2
"09","JPN.CE",10226.8
"09","JPN.HO",9842.5
"09","JPN.KY",10366.7
"09","JPN.OK",11106.4
"09","JPN.SH",10189.4
"09","JPN.TO",9581.4
"09","KAZ",16864.2
"09","KEN",13611.8
"09","KGZ",14189.5
"09","KHM",9734.6
"09","KOR",142692.7
"09","KOS",9882.4
"09","KWT",12046.3
"09","LAO",9054.1
"09","LBN",11115.5
"09","LBR",9756.5
"09","LBY",12585.5
"09","LKA",15356.8
"09","LSO",13606.4
"09","LTU",8848.7
"09","LUX",9275.9
"09","LVA",5377.1
"09","MAR",64238.1
"09","MDA",9178
"09","MDG",15946.2
"09","MEX",47156.3
"09","MKD",11153.5
"09","MLI",11992.9
"09","MLT",11282.1
"09","MMR",10653
"09","MNE",10062.6
"09","MNG",11763.9
"09","MOZ",12497.9
"09","MRT",39078.9
"09","MUS",24302.2
"09","MWI",19099.3
"09","MYS",89981.1
"09","NAM",63223.4
"09","NER",12801.6
"09","NGA",11687.3
"09","NIC",9674.7
"09","NLD",6709.4
"09","NOR",13523.8
"09","NPL",11426.6
"09","NZL",8316.2
"09","OMN",12950
"09","PAK",43359.9
"09","PAN",2799.1
"09","PER",91447.1
"09","PHL",155095.4
"09","PNG",12111.1
"09","POL",61722.1
"09","PRK",11527.7
"09","PRT",1388059.2
"09","PRY",11448.7
"09","QAT",12247.6
"09","ROU",15476.1
"09","RUS",0
"09","RUS.CE",10821.9
"09","RUS.FE",7905.3
"09","RUS.MV",11331.5
"09","RUS.NW",6498.7
"09","RUS.SI",7564.9
"09","RUS.SO",12828.8
"09","RUS.UR",8341.6
"09","RWA",25270.4
"09","SAU",43316
"09","SDN",8655.8
"09","SEN",12154.2
"09","SGP",8438
"09","SLE",8312.8
"09","SLV",8033.3
"09","SOM",12673.9
"09","SRB",10334.1
"09","SUR",13349.5
"09","SVK",9600.5
"09","SVN",12150.6
"09","SWE",9424.4
"09","SWZ",11298.6
"09","SYR",12345.7
"09","TCD",11414.7
"09","TGO",9252.3
"09","THA",1317142.5
"09","TJK",14792.1
"09","TKM",13347.4
"09","TLS",13832.2
"09","TTO",4862.6
"09","TUN",11738
"09","TUR",28575.7
"09","TWN",9169
"09","TZA",16778.6
"09","UGA",12461.7
"09","UKR",10598.5
"09","URY",93266.3
"09","USA",30654014.7
"09","USA.AK",7103.6
"09","USA.AZ",13630.8
"09","USA.CA",13895.9
"09","USA.ER",12991.6
"09","USA.FR",8820.9
"09","USA.GU",5786
"09","USA.HA",14373.4
"09","USA.ME",12642.5
"09","USA.MW",12552.9
"09","USA.NE",13502.2
"09","USA.NW",14927.8
"09","USA.NY",12283.4
"09","USA.PR",7901.6
"09","USA.RA",15220.5
"09","USA.RE",12170.4
"09","USA.RM",12904.8
"09","USA.RW",12849.6
"09","USA.SA",12964.4
"09","USA.SC",13445.4
"09","USA.SE",12023.6
"09","USA.SN",13212.6
"09","USA.SS",13507.4
"09","USA.SV",11224.9
"09","USA.SW",13157.6
"09","UZB",13408.2
"09","VEN",9602.2
"09","VNM",6977.1
"09","YEM",15619.8
"09","ZAF",591126
"09","ZMB",13000.2
"09","ZWE",13189.6
"10","AFG",15208.3
"10","AGO",12316.9
"10","ALB",8602.8
"10","ARE",64642.3
"10","ARG",47319.6
"10","ARM",9609.6
"10","ATA",20318
"10","AUS",100607.3
"10","AUS.NT",8627.6
"10","AUS.QL",8305.6
"10","AUS.SA",8259.8
"10","AUS.SW",8260.4
"10","AUS.TA",8275.3
"10","AUS.VI",8293.2
"10","AUS.WA",8748.1
"10","AUT",8878.4
"10","AZE",7131.8
"10","BDI",9871.7
"10","BEL",6969.5
"10","BEN",10246.6
"10","BFA",13605.5
"10","BGD",12111
"10","BGR",9707.3
"10","BHR",11696.8
"10","BIH",7504.6
"10","BLR",4843.8
"10","BLZ",10624.2
"10","BOL",7908.5
"10","BRA",49786.3
"10","BRA.CN",12070.9
"10","BRA.CW",11533.3
"10","BRA.NE",14157.6
"10","BRA.NW",11254.1
"10","BRA.SE",12869.4
"10","BRA.SO",9905
"10","BRA.WE",11093.5
"10","BRN",8973.5
"10","BTN",11833.7
"10","BWA",14451.1
"10","CAF",9411.3
"10","CAN",1281349.7
"10","CAN.AB",9657
"10","CAN.AR",9821.2
"10","CAN.BC",9241.8
"10","CAN.MB",9368.8
"10","CAN.NL",7150.6
"10","CAN.NO",4486.4
"10","CAN.ON",9277
"10","CAN.QC",8918.7
"10","CAN.SK",9500.7
"10","CHE",7152.6
"10","CHL",341625.4
"10","CHN",1104081.6
"10","CHN.AN",7354.6
"10","CHN.BE",7839
"10","CHN.CH",6584.4
"10","CHN.EM",8323.4
"10","CHN.FU",7327.9
"10","CHN.GA",9077.5
"10","CHN.GD",7553.9
"10","CHN.GU",7279.5
"10","CHN.GX",7680.1
"10","CHN.HA",7601.7
"10","CHN.HB",8930.9
"10","CHN.HE",6972.7
"10","CHN.HJ",7998
"10","CHN.HK",7486.1
"10","CHN.HN",7013.8
"10","CHN.HU",7074.9
"10","CHN.JI",8112.5
"10","CHN.JS",7209.1
"10","CHN.JX",7078.1
"10","CHN.LI",7731.6
"10","CHN.MA",7546.2
"10","CHN.NI",8567.7
"10","CHN.QI",10554.8
"10","CHN.SC",7778.4
"10","CHN.SD",7039.3
"10","CHN.SH",7222.6
"10","CHN.SI",8312.9
"10","CHN.SX",7757.5
"10","CHN.TI",11530.3
"10","CHN.TJ",7234.1
"10","CHN.WM",9125.7
"10","CHN.XI",8690.2
"10","CHN.YU",8559.6
"10","CHN.ZH",6970.5
"10","CIV",6714.2
"10","CMR",10788.3
"10","COD",9126.5
"10","COG",9328.6
"10","COL",8762.4
"10","CPV",7295.3
"10","CRI",9554.2
"10","CUB",10060.5
"10","CYP",11676.1
"10","CZE",3056687.1
"10","DEU",2714154
"10","DJI",13040.1
"10","DNK",15732.5
"10","DOM",20202.6
"10","DZA",11405.5
"10","ECU",12760.5
"10","EGY",13495.6
"10","ERI",12326.1
"10","ESH",11667.1
"10","ESP",376368.5
"10","EST",4807.2
"10","ETH",15654
"10","FIN",2909.1
"10","FJI",12607.2
"10","FRA",5588210.6
"10","GAB",9352.5
"10","GBR",6358237.7
"10","GEO",8463.2
"10","GHA",10014.7
"10","GIN",12577.6
"10","GMB",8350.8
"10","GNB",7570.5
"10","GNQ",8490.9
"10","GRC",272012.9
"10","GTM",39699
"10","GUF",13267.2
"10","GUY",13264.1
"10","HND",52957.8
"10","HRV",10396.7
"10","HTI",10104.5
"10","HUN",7040
"10","IDN",16455.8
"10","IND",1181723.6
"10","IND.EA",9205
"10","IND.NE",8503.5
"10","IND.NO",9949.8
"10","IND.SO",8590.9
"10","IND.WE",9589.5
"10","IRL",4201.4
"10","IRN",26393.8
"10","IRQ",11368.7
"10","ISL",2311.1
"10","ISR",221754.6
"10","ITA",646099.3
"10","JAM",12405.7
"10","JOR",13512.9
"10","JPN",1525007.6
"10","JPN.CE",11867.6
"10","JPN.HO",9763.9
"10","JPN.KY",12481.8
"10","JPN.OK",11791.3
"10","JPN.SH",12500.9
"10","JPN.TO",11210.2
"10","KAZ",13270.4
"10","KEN",13540
"10","KGZ",12257.5
"10","KHM",11643.5
"10","KOR",140196.9
"10","KOS",8101.4
"10","KWT",11054.9
"10","LAO",10857.4
"10","LBN",9548.1
"10","LBR",9942.7
"10","LBY",12603.8
"10","LKA",16059.4
"10","LSO",14968.7
"10","LTU",6221.3
"10","LUX",6191.7
"10","LVA",3416.9
"10","MAR",63122.6
"10","MDA",8336.8
"10","MDG",15897.2
"10","MEX",45754.2
"10","MKD",9525
"10","MLI",12864
"10","MLT",9049.6
"10","MMR",11417.9
"10","MNE",7962.1
"10","MNG",11961.5
"10","MOZ",13453
"10","MRT",37753.2
"10","MUS",26289.8
"10","MWI",19167.5
"10","MYS",102865.4
"10","NAM",66788.1
"10","NER",13772.5
"10","NGA",12484.9
"10","NIC",10642.9
"10","NLD",4952.2
"10","NOR",5574.4
"10","NPL",12572.6
"10","NZL",10583.2
"10","OMN",13021.1
"10","PAK",41518.4
"10","PAN",3029.6
"10","PER",93238.2
"10","PHL",176154.3
"10","PNG",11988.2
"10","POL",47229.2
"10","PRK",10930.1
"10","PRT",1020388
"10","PRY",11131.3
"10","QAT",12048.1
"10","ROU",11986.4
"10","RUS",0
"10","RUS.CE",7800.8
"10","RUS.FE",4765.9
"10","RUS.MV",6631.4
"10","RUS.NW",3227.9
"10","RUS.SI",5238.2
"10","RUS.SO",10883.5
"10","RUS.UR",4620.7
"10","RWA",23372.5
"10","SAU",41408.9
"10","SDN",9624.9
"10","SEN",12924.9
"10","SGP",9922.9
"10","SLE",9162.8
"10","SLV",8532.8
"10","SOM",12702.8
"10","SRB",8554.1
"10","SUR",13582.4
"10","SVK",8198.4
"10","SVN",10147
"10","SWE",5108.9
"10","SWZ",13237.8
"10","SYR",10437.3
"10","TCD",12499.8
"10","TGO",10016
"10","THA",1636631.9
"10","TJK",12525.8
"10","TKM",10641.8
"10","TLS",14533.9
"10","TTO",4359
"10","TUN",10692.8
"10","TUR",23182.3
"10","TWN",9052.7
"10","TZA",15972.6
"10","UGA",11344.8
"10","UKR",9280.2
"10","URY",95622.5
"10","USA",29465284.8
"10","USA.AK",4092.5
"10","USA.AZ",13100.8
"10","USA.CA",12641.4
"10","USA.ER",11966.8
"10","USA.FR",13313.1
"10","USA.GU",6713.5
"10","USA.HA",15113.7
"10","USA.ME",11893.3
"10","USA.MW",12223.2
"10","USA.NE",11879.8
"10","USA.NW",12366.9
"10","USA.NY",10524
"10","USA.PR",6679.5
"10","USA.RA",13647
"10","USA.RE",11817.2
"10","USA.RM",10698.8
"10","USA.RW",11892.3
"10","USA.SA",12446.5
"10","USA.SC",12329
"10","USA.SE",12895.8
"10","USA.SN",13141.9
"10","USA.SS",12873.7
"10","USA.SV",12351.4
"10","USA.SW",12713.3
"10","UZB",10519.3
"10","VEN",9232
"10","VNM",8065.6
"10","YEM",17174.4
"10","ZAF",669254.5
"10","ZMB",12963.3
"10","ZWE",14113.9
"11","AFG",12799.6
"11","AGO",10887.4
"11","ALB",8176.9
"11","ARE",59867.8
"11","ARG",45162.9
"11","ARM",11114
"11","ATA",21009.1
"11","AUS",98571.7
"11","AUS.NT",7931.3
"11","AUS.QL",7920.1
"11","AUS.SA",8320
"11","AUS.SW",8047.8
"11","AUS.TA",7698.1
"11","AUS.VI",8181.7
"11","AUS.WA",8715.8
"11","AUT",5806.1
"11","AZE",8571
"11","BDI",9249.3
"11","BEL",4139.3
"11","BEN",10853.3
"11","BFA",15056.9
"11","BGD",12247.7
"11","BGR",9554.6
"11","BHR",10179.9
"11","BIH",7968.3
"11","BLR",1298.5
"11","BLZ",9656.6
"11","BOL",7488.1
"11","BRA",43351.4
"11","BRA.CN",10496.6
"11","BRA.CW",9789.9
"11","BRA.NE",13478.3
"11","BRA.NW",10155.7
"11","BRA.SE",9740.5
"11","BRA.SO",10407.1
"11","BRA.WE",9917.5
"11","BRN",6816.2
"11","BTN",11100.9
"11","BWA",13728
"11","CAF",11621.3
"11","CAN",983281.4
"11","CAN.AB",7531.8
"11","CAN.AR",6168.9
"11","CAN.BC",7684.9
"11","CAN.MB",5628.4
"11","CAN.NL",4509.9
"11","CAN.NO",2179.7
"11","CAN.ON",7113.1
"11","CAN.QC",6173.5
"11","CAN.SK",7102.5
"11","CHE",4718.4
"11","CHL",346921.1
"11","CHN",882186.8
"11","CHN.AN",4324
"11","CHN.BE",4799.8
"11","CHN.CH",4357.4
"11","CHN.EM",5624.6
"11","CHN.FU",5838.9
"11","CHN.GA",7882.4
"11","CHN.GD",7079.8
"11","CHN.GU",6166
"11","CHN.GX",6085.4
"11","CHN.HA",7650.4
"11","CHN.HB",5856.2
"11","CHN.HE",4272.8
"11","CHN.HJ",5538.6
"11","CHN.HK",7369.9
"11","CHN.HN",4549.8
"11","CHN.HU",4306
"11","CHN.JI",4704
"11","CHN.JS",4218.2
"11","CHN.JX",4902.9
"11","CHN.LI",4897
"11","CHN.MA",7253.4
"11","CHN.NI",6871.1
"11","CHN.QI",9439.4
"11","CHN.SC",6494.7
"11","CHN.SD",4158.5
"11","CHN.SH",4267.5
"11","CHN.SI",6104.7
"11","CHN.SX",5577.7
"11","CHN.TI",11078
"11","CHN.TJ",4024.8
"11","CHN.WM",6648.8
"11","CHN.XI",6686.8
"11","CHN.YU",8400.4
"11","CHN.ZH",4466.7
"11","CIV",6985.4
"11","CMR",12389.6
"11","COD",8736.2
"11","COG",8520.3
"11","COL",8603
"11","CPV",7079.7
"11","CRI",9537.2
"11","CUB",8618.1
"11","CYP",11696.9
"11","CZE",2321336.9
"11","DEU",1650609.3
"11","DJI",11920.9
"11","DNK",6620.3
"11","DOM",18003.6
"11","DZA",11981.2
"11","ECU",11664
"11","EGY",12513.9
"11","ERI",12326.4
"11","ESH",10834.2
"11","ESP",415193.4
"11","EST",1376.8
"11","ETH",14886.4
"11","FIN",808.6
"11","FJI",12876.4
"11","FRA",4712130.6
"11","GAB",8542.5
"11","GBR",2502785.8
"11","GEO",8507.9
"11","GHA",11006.3
"11","GIN",14053.5
"11","GMB",9195.2
"11","GNB",9220.4
"11","GNQ",7810
"11","GRC",275342
"11","GTM",38993.8
"11","GUF",12437.3
"11","GUY",12031
"11","HND",61014.1
"11","HRV",5833.8
"11","HTI",8345.2
"11","HUN",4321.4
"11","IDN",13598.1
"11","IND",996277.3
"11","IND.EA",8099.6
"11","IND.NE",8129.3
"11","IND.NO",8195
"11","IND.SO",7030.9
"11","IND.WE",8301
"11","IRL",2530.4
"11","IRN",24993.2
"11","IRQ",11008.6
"11","ISL",565.1
"11","ISR",191834.3
"11","ITA",658182.9
"11","JAM",9272.4
"11","JOR",12147.9
"11","JPN",908535.4
"11","JPN.CE",7014.8
"11","JPN.HO",5750
"11","JPN.KY",7181.5
"11","JPN.OK",9396.6
"11","JPN.SH",7437.5
"11","JPN.TO",6823.8
"11","KAZ",9229.1
"11","KEN",11442.9
"11","KGZ",9632.7
"11","KHM",12597.5
"11","KOR",73845.2
"11","KOS",7997.3
"11","KWT",9792
"11","LAO",10849.5
"11","LBN",8841.5
"11","LBR",10546.4
"11","LBY",12173.1
"11","LKA",15804.8
"11","LSO",15235.5
"11","LTU",2534.8
"11","LUX",3352.7
"11","LVA",1354.3
"11","MAR",67518.7
"11","MDA",5101.1
"11","MDG",15631
"11","MEX",44152.2
"11","MKD",9227
"11","MLI",13823.7
"11","MLT",8508.8
"11","MMR",12432.1
"11","MNE",8086.4
"11","MNG",9075.2
"11","MOZ",12773.5
"11","MRT",35669.7
"11","MUS",25983.6
"11","MWI",18129.5
"11","MYS",90361.1
"11","NAM",66721.4
"11","NER",13621.6
"11","NGA",13427.1
"11","NIC",10725.2
"11","NLD",2776.6
"11","NOR",2479.4
"11","NPL",11014.7
"11","NZL",10963
"11","OMN",12100.9
"11","PAK",32728.1
"11","PAN",3293.4
"11","PER",92190.6
"11","PHL",192935.2
"11","PNG",10443.9
"11","POL",23470.8
"11","PRK",5668.5
"11","PRT",1082332.7
"11","PRY",11188.8
"11","QAT",10441
"11","ROU",8128.4
"11","RUS",0
"11","RUS.CE",3230.4
"11","RUS.FE",2593.2
"11","RUS.MV",2863
"11","RUS.NW",915.9
"11","RUS.SI",3590.9
"11","RUS.SO",7088.7
"11","RUS.UR",2325.6
"11","RWA",21912.8
"11","SAU",36725.3
"11","SDN",10379.6
"11","SEN",13777
"11","SGP",8300.7
"11","SLE",9750.9
"11","SLV",9309
"11","SOM",12084.4
"11","SRB",8055.6
"11","SUR",12446.7
"11","SVK",4762.2
"11","SVN",6028.6
"11","SWE",2334.2
"11","SWZ",12930
"11","SYR",10362.5
"11","TCD",12792.3
"11","TGO",10702.1
"11","THA",1649071
"11","TJK",9149.4
"11","TKM",8850.8
"11","TLS",12689
"11","TTO",4636.7
"11","TUN",10254.8
"11","TUR",24313.4
"11","TWN",7768.4
"11","TZA",14427.5
"11","UGA",10800
"11","UKR",4322.1
"11","URY",98388.5
"11","USA",25561699
"11","USA.AK",1655.5
"11","USA.AZ",13799.6
"11","USA.CA",12537.7
"11","USA.ER",9911.5
"11","USA.FR",11092.5
"11","USA.GU",8468.3
"11","USA.HA",11506.4
"11","USA.ME",9239.3
"11","USA.MW",8865.6
"11","USA.NE",9287.1
"11","USA.NW",11478.1
"11","USA.NY",8458.4
"11","USA.PR",6899.5
"11","USA.RA",14268.9
"11","USA.RE",9165.7
"11","USA.RM",9643.4
"11","USA.RW",9405.3
"11","USA.SA",10048.8
"11","USA.SC",9588.2
"11","USA.SE",10960
"11","USA.SN",10318.1
"11","USA.SS",12861.7
"11","USA.SV",9930.6
"11","USA.SW",9935.4
"11","UZB",7491
"11","VEN",9315.8
"11","VNM",8076.6
"11","YEM",15656.7
"11","ZAF",673505.7
"11","ZMB",11367
"11","ZWE",12523.1
"12","AFG",12858.3
"12","AGO",9774
"12","ALB",9324
"12","ARE",59909.2
"12","ARG",45963.3
"12","ARM",11076.7
"12","ATA",21895.7
"12","AUS",101173.6
"12","AUS.NT",7189
"12","AUS.QL",7891.7
"12","AUS.SA",8575.9
"12","AUS.SW",8367.7
"12","AUS.TA",8879.8
"12","AUS.VI",8893.5
"12","AUS.WA",9254.4
"12","AUT",4241.9
"12","AZE",8681.7
"12","BDI",9802
"12","BEL",2697
"12","BEN",10958.1
"12","BFA",14555.9
"12","BGD",10622.7
"12","BGR",9079.5
"12","BHR",10001.3
"12","BIH",8224.3
"12","BLR",1162
"12","BLZ",10954.3
"12","BOL",7097.2
"12","BRA",43153.2
"12","BRA.CN",10720.3
"12","BRA.CW",10496.4
"12","BRA.NE",12519.7
"12","BRA.NW",9969.6
"12","BRA.SE",10342.6
"12","BRA.SO",9962.8
"12","BRA.WE",9739.5
"12","BRN",8639.8
"12","BTN",12064.1
"12","BWA",13012.4
"12","CAF",12317.5
"12","CAN",553922.8
"12","CAN.AB",5738.4
"12","CAN.AR",4821.7
"12","CAN.BC",4774.1
"12","CAN.MB",5165.2
"12","CAN.NL",3673
"12","CAN.NO",798.4
"12","CAN.ON",3969.3
"12","CAN.QC",3746.5
"12","CAN.SK",5565.7
"12","CHE",3562.1
"12","CHL",356419.6
"12","CHN",985027.2
"12","CHN.AN",5387.9
"12","CHN.BE",6297.8
"12","CHN.CH",5079.6
"12","CHN.EM",5223.1
"12","CHN.FU",5064.1
"12","CHN.GA",8806.9
"12","CHN.GD",6109.8
"12","CHN.GU",5346.2
"12","CHN.GX",5818
"12","CHN.HA",6434.8
"12","CHN.HB",7182.5
"12","CHN.HE",5642.8
"12","CHN.HJ",5301.1
"12","CHN.HK",6116.9
"12","CHN.HN",4663.1
"12","CHN.HU",5024.6
"12","CHN.JI",5531.8
"12","CHN.JS",5175.6
"12","CHN.JX",4815.9
"12","CHN.LI",5771.5
"12","CHN.MA",6106.4
"12","CHN.NI",8281.6
"12","CHN.QI",10030.7
"12","CHN.SC",6386.2
"12","CHN.SD",5706.5
"12","CHN.SH",5339.6
"12","CHN.SI",7472.8
"12","CHN.SX",6962.9
"12","CHN.TI",11151.1
"12","CHN.TJ",5554.6
"12","CHN.WM",7644.4
"12","CHN.XI",7225.9
"12","CHN.YU",7168.5
"12","CHN.ZH",4934.3
"12","CIV",6770.9
"12","CMR",14115.1
"12","COD",10043.2
"12","COG",10364.9
"12","COL",10178.4
"12","CPV",7730.5
"12","CRI",13284.5
"12","CUB",9575.3
"12","CYP",11042.5
"12","CZE",1594111.6
"12","DEU",1273165.8
"12","DJI",12633.2
"12","DNK",3405.1
"12","DOM",20510.2
"12","DZA",12036.3
"12","ECU",12583.6
"12","EGY",12854.5
"12","ERI",12085.2
"12","ESH",10628
"12","ESP",287909.6
"12","EST",1346.6
"12","ETH",15388.8
"12","FIN",518.5
"12","FJI",11701.8
"12","FRA",3866312
"12","GAB",9868.9
"12","GBR",1786948.5
"12","GEO",7733.9
"12","GHA",10575.8
"12","GIN",13476.7
"12","GMB",9997.8
"12","GNB",9580.3
"12","GNQ",10159.5
"12","GRC",263250.6
"12","GTM",48876.8
"12","GUF",11517.1
"12","GUY",12525.7
"12","HND",68519.6
"12","HRV",5441.9
"12","HTI",10159.9
"12","HUN",2195.8
"12","IDN",13187.4
"12","IND",1122970.3
"12","IND.EA",7944.1
"12","IND.NE",7644.9
"12","IND.NO",9115.6
"12","IND.SO",8796
"12","IND.WE",9534.3
"12","IRL",1647.5
"12","IRN",24471.6
"12","IRQ",10932.7
"12","ISL",43.3
"12","ISR",210053.8
"12","ITA",558891.4
"12","JAM",7267.4
"12","JOR",13096.6
"12","JPN",1030278.8
"12","JPN.CE",8296.3
"12","JPN.HO",4587.6
"12","JPN.KY",8432
"12","JPN.OK",7921.1
"12","JPN.SH",9281.3
"12","JPN.TO",7714.4
"12","KAZ",7597.1
"12","KEN",12689.2
"12","KGZ",9681.7
"12","KHM",13734.8
"12","KOR",90932.7
"12","KOS",8363.7
"12","KWT",9444.1
"12","LAO",10566
"12","LBN",9299.7
"12","LBR",10674.4
"12","LBY",12478.2
"12","LKA",17133.6
"12","LSO",14351.9
"12","LTU",1734.6
"12","LUX",2318.7
"12","LVA",960.4
"12","MAR",57649.8
"12","MDA",5074.3
"12","MDG",13779
"12","MEX",43156.8
"12","MKD",10062.8
"12","MLI",13063.1
"12","MLT",8700.9
"12","MMR",12976.4
"12","MNE",9594.5
"12","MNG",9420.6
"12","MOZ",11674.1
"12","MRT",37828.2
"12","MUS",26495.1
"12","MWI",15279.7
"12","MYS",102119
"12","NAM",57757.9
"12","NER",13855.6
"12","NGA",14102.9
"12","NIC",12734
"12","NLD",1924.2
"12","NOR",1271.2
"12","NPL",11317.9
"12","NZL",11656.5
"12","OMN",12402.4
"12","PAK",35289.9
"12","PAN",4123.2
"12","PER",89117.8
"12","PHL",191412
"12","PNG",9904.4
"12","POL",18028.4
"12","PRK",8088.5
"12","PRT",719532.2
"12","PRY",10634.9
"12","QAT",10396
"12","ROU",6413.4
"12","RUS",0
"12","RUS.CE",1912.3
"12","RUS.FE",1304.1
"12","RUS.MV",2098.2
"12","RUS.NW",330.2
"12","RUS.SI",1549.7
"12","RUS.SO",5971.6
"12","RUS.UR",1003.2
"12","RWA",24690.2
"12","SAU",36885.1
"12","SDN",10498.1
"12","SEN",14343.2
"12","SGP",8508.9
"12","SLE",10803.4
"12","SLV",11430.7
"12","SOM",12690.4
"12","SRB",7252.2
"12","SUR",11933
"12","SVK",2492.4
"12","SVN",5666.2
"12","SWE",1191.2
"12","SWZ",12865.9
"12","SYR",10422.8
"12","TCD",12859.1
"12","TGO",10658.9
"12","THA",1772427.9
"12","TJK",9597.2
"12","TKM",8205.1
"12","TLS",10354
"12","TTO",4889.8
"12","TUN",10240.5
"12","TUR",23450.3
"12","TWN",6979.8
"12","TZA",13524.2
"12","UGA",12661.8
"12","UKR",3470.9
"12","URY",98091.7
"12","USA",20658875.5
"12","USA.AK",391.4
"12","USA.AZ",12926
"12","USA.CA",10350.9
"12","USA.ER",11637.2
"12","USA.FR",10327.1
"12","USA.GU",8495.8
"12","USA.HA",13666.1
"12","USA.ME",5974.2
"12","USA.MW",5855.9
"12","USA.NE",6441
"12","USA.NW",8189.7
"12","USA.NY",5531.6
"12","USA.PR",8377
"12","USA.RA",12483.4
"12","USA.RE",6805.4
"12","USA.RM",5610.8
"12","USA.RW",6692.4
"12","USA.SA",10373.6
"12","USA.SC",9313.6
"12","USA.SE",9446.2
"12","USA.SN",9333.5
"12","USA.SS",13382.8
"12","USA.SV",8218.1
"12","USA.SW",8881.7
"12","UZB",6486.5
"12","VEN",10534.8
"12","VNM",8428.3
"12","YEM",16311.8
"12","ZAF",645352.5
"12","ZMB",10086.7
"12","ZWE",12507
